Id,Locus,Function,Gene,Ref,Alt,AAChange,ExonicFunction,dbSNPId,callQuality,coverage,aaFreq1000g,pphProb,pphPrediction,mutationTasterScore,mutationTasterPrediction,phyloPScore,phyloPPrediction,SIFTScore,GERPScore,1T1N/1T1N.FINAL.tumoronly.vcf,2T2N/2T2N.FINAL.tumoronly.vcf,3T3N/3T3N.FINAL.tumoronly.vcf,4T4N/4T4N.FINAL.tumoronly.vcf,5T5N/5T5N.FINAL.tumoronly.vcf,6T6N/6T6N.FINAL.tumoronly.vcf,7T7N/7T7N.FINAL.tumoronly.vcf,8T8N/8T8N.FINAL.tumoronly.vcf,10T10N/10T10N.FINAL.tumoronly.vcf,11T11N/11T11N.FINAL.tumoronly.vcf,12T12N/12T12N.FINAL.tumoronly.vcf,13T13N/13T13N.FINAL.tumoronly.vcf,14T14N/14T14N.FINAL.tumoronly.vcf,20870T20870N/20870T20870N.FINAL.tumoronly.vcf,21450T21450N/21450T21450N.FINAL.tumoronly.vcf,Support [0-15]
CIBIV-ID:49346,chr5:178194492,ncRNA_intronic,AACSP1,T,C,N/A,N/A,rs55634474,122.63,18,0.79,N/A,N/A,N/A,N/A,N/A,N/A,N/A,N/A,0,0,0,0,0,0,0,0,0,0,0,0,0,1,0,1
CIBIV-ID:49347,chr5:178195424,ncRNA_intronic,AACSP1,CTT,C,N/A,N/A,N/A,39,10,N/A,N/A,N/A,N/A,N/A,N/A,N/A,N/A,N/A,0,0,0,0,0,0,0,0,0,0,0,0,0,0,1,1
CIBIV-ID:49348,chr5:178195840,ncRNA_intronic,AACSP1,T,C,N/A,N/A,rs11949981,59.78,10,0.34,N/A,N/A,N/A,N/A,N/A,N/A,N/A,N/A,0,0,0,0,0,0,0,0,0,0,0,0,0,1,0,1
CIBIV-ID:49344,chr5:178194296,ncRNA_exonic,AACSP1,T,A,N/A,N/A,rs60234391,Sep-52,8,0.12,N/A,N/A,N/A,N/A,N/A,N/A,N/A,N/A,0,1,0,0,0,0,0,0,0,0,0,0,0,0,0,1
CIBIV-ID:49345,chr5:178194326,ncRNA_exonic,AACSP1,C,T,N/A,N/A,rs34080101,167.29,14,0.77,N/A,N/A,N/A,N/A,N/A,N/A,N/A,N/A,1,1,0,1,0,0,1,0,0,0,0,0,0,0,0,4
CIBIV-ID:135356,chr17:79093822,exonic,AATK,A,G,NM_004920:c.T3488C:p.F1163S,nonsynonymous SNV,rs36000545,135.18,79,0.37,N/A,N/A,N/A,N/A,N/A,N/A,N/A,N/A,0,1,0,0,0,0,0,0,0,0,0,0,0,0,0,1
CIBIV-ID:135357,chr17:79094758,exonic,AATK,C,T,NM_004920:c.G2669A:p.R890Q,nonsynonymous SNV,N/A,15-Jan,59,N/A,N/A,N/A,N/A,N/A,N/A,N/A,N/A,N/A,0,0,0,0,0,0,0,0,0,0,1,0,0,0,0,1
CIBIV-ID:135370,chr17:79102330,exonic,AATK,T,C,NM_004920:c.A45G:p.T15T,synonymous SNV,rs11871062,706.95,57,0.07,N/A,N/A,N/A,N/A,N/A,N/A,N/A,N/A,0,0,0,0,0,0,0,0,0,0,0,0,1,0,0,1
CIBIV-ID:135379,chr17:79155935,ncRNA_intronic,AATK-AS1,G,A,N/A,N/A,rs77751732,78.14,12,0.11,N/A,N/A,N/A,N/A,N/A,N/A,N/A,N/A,0,0,0,0,0,0,0,0,0,0,0,0,0,0,1,1
CIBIV-ID:135380,chr17:79156551,ncRNA_intronic,AATK-AS1,A,T,N/A,N/A,rs4129124,138.86,10,0.17,N/A,N/A,N/A,N/A,N/A,N/A,N/A,N/A,0,0,0,0,0,0,0,0,0,0,0,0,0,1,0,1
CIBIV-ID:135377,chr17:79140505,ncRNA_exonic,AATK-AS1,C,G,N/A,N/A,rs12946891,100.07,12,0.32,N/A,N/A,N/A,N/A,N/A,N/A,N/A,N/A,0,0,0,0,0,1,0,0,0,1,1,0,0,0,0,3
CIBIV-ID:135378,chr17:79155803,ncRNA_exonic,AATK-AS1,A,G,N/A,N/A,rs11869901,665.66,52,0.3,N/A,N/A,N/A,N/A,N/A,N/A,N/A,N/A,0,0,0,0,0,0,0,0,0,0,0,0,0,1,0,1
CIBIV-ID:133995,chr17:67178316,exonic,ABCA10,A,G,NM_080282:c.T2747C:p.M916T,nonsynonymous SNV,rs4968849,341.65,24,0.67,0,B,2.00E-05,P,0.761235,N,0,Jan-58,0,0,0,0,0,0,0,0,1,0,0,0,0,0,0,1
CIBIV-ID:134002,chr17:67189693,exonic,ABCA10,A,AT,NM_080282:c.1582_1583insA:p.L528fs,frameshift insertion,N/A,604.57,160,N/A,N/A,N/A,N/A,N/A,N/A,N/A,N/A,N/A,0,0,0,0,0,0,0,0,0,0,1,0,0,0,0,1
CIBIV-ID:133997,chr17:67178816,exonic@splicing,ABCA10@ABCA10,C,CT,NM_080282:c.2631_2632insA:p.K877fs,frameshift insertion,N/A,Sep-93,13,N/A,N/A,N/A,N/A,N/A,N/A,N/A,N/A,N/A,0,0,0,0,0,0,0,0,0,1,0,0,0,0,0,1
CIBIV-ID:134008,chr17:67210992,exonic@splicing,ABCA10@ABCA10,T,C,NM_080282:c.A859G:p.I287V,nonsynonymous SNV,rs11657804,295.16,30,0.26,0.014,B,0.006926,P,0.06683,N,0,-1.91,0,1,0,0,0,0,0,0,0,0,0,0,0,0,0,1
CIBIV-ID:34946,chr4:421086,ncRNA_intronic,ABCA11P,C,T,N/A,N/A,rs2280249,119.36,13,0.38,N/A,N/A,N/A,N/A,N/A,N/A,N/A,N/A,0,0,0,0,0,0,0,1,0,0,0,0,0,0,0,1
CIBIV-ID:34947,chr4:421621,ncRNA_intronic,ABCA11P,A,G,N/A,N/A,rs17720527,91.01,22,0.22,N/A,N/A,N/A,N/A,N/A,N/A,N/A,N/A,0,0,0,0,0,0,0,0,0,0,1,0,0,0,0,1
CIBIV-ID:34948,chr4:421631,ncRNA_intronic,ABCA11P,G,A,N/A,N/A,rs139404872,291.14,22,0.01,N/A,N/A,N/A,N/A,N/A,N/A,N/A,N/A,0,0,0,1,0,0,0,0,0,0,0,0,0,0,0,1
CIBIV-ID:34949,chr4:431138,ncRNA_intronic,ABCA11P,CA,C,N/A,N/A,N/A,123.47,23,N/A,N/A,N/A,N/A,N/A,N/A,N/A,N/A,N/A,0,0,0,0,0,0,0,1,0,0,0,0,0,0,0,1
CIBIV-ID:34955,chr4:461594,ncRNA_intronic,ABCA11P,T,TC,N/A,N/A,N/A,Jul-37,6,N/A,N/A,N/A,N/A,N/A,N/A,N/A,N/A,N/A,0,0,0,0,0,0,0,0,0,1,0,0,0,0,0,1
CIBIV-ID:34956,chr4:467705,ncRNA_intronic,ABCA11P,C,T,N/A,N/A,N/A,152.26,28,N/A,N/A,N/A,N/A,N/A,N/A,N/A,N/A,N/A,0,0,0,0,0,0,0,1,0,0,0,0,0,0,0,1
CIBIV-ID:34944,chr4:419565,ncRNA_exonic,ABCA11P,C,T,N/A,N/A,rs7666919,311.67,26,0.38,N/A,N/A,N/A,N/A,N/A,N/A,N/A,N/A,0,0,0,0,0,0,0,0,0,0,1,0,0,0,0,1
CIBIV-ID:34945,chr4:419639,ncRNA_exonic,ABCA11P,T,C,N/A,N/A,rs7681990,75.91,16,0.17,N/A,N/A,N/A,N/A,N/A,N/A,N/A,N/A,0,0,0,0,0,0,0,1,0,0,0,0,0,0,0,1
CIBIV-ID:134016,chr17:67260926,exonic,ABCA5,A,G,NM_018672:c.T3265C:p.L1089L,synonymous SNV,rs12449649,804.79,56,0.38,N/A,N/A,N/A,N/A,N/A,N/A,N/A,N/A,0,0,0,0,0,0,0,0,0,0,0,0,1,0,0,1
CIBIV-ID:134023,chr17:67273920,exonic,ABCA5,A,AT,NM_018672:c.2456_2457insA:p.M819fs,frameshift insertion,N/A,9-Apr,14,N/A,N/A,N/A,N/A,N/A,N/A,N/A,N/A,N/A,0,0,0,0,0,0,0,0,1,0,0,0,0,0,0,1
CIBIV-ID:134027,chr17:67298916,exonic,ABCA5,C,T,NM_018672:c.G1062A:p.S354S,synonymous SNV,rs143655246,328.03,207,9.00E-04,N/A,N/A,N/A,N/A,N/A,N/A,N/A,N/A,0,0,0,1,0,0,0,0,0,0,0,0,0,0,0,1
CIBIV-ID:139388,chr19:1042809,exonic,ABCA7,A,G,NM_019112:c.A563G:p.E188G,nonsynonymous SNV,rs3764645,426.84,30,0.41,0.45,P,0.002426,P,0.10964,N,0.52,-0.176,0,0,0,0,0,0,0,1,0,0,0,0,0,0,0,1
CIBIV-ID:139391,chr19:1046941,exonic,ABCA7,G,A,NM_019112:c.G1763A:p.R588H,nonsynonymous SNV,N/A,154.29,98,N/A,0.732,P,0.006684,N,0.899314,N,0.98,0.654,0,0,0,0,0,0,0,1,0,0,0,0,0,0,0,1
CIBIV-ID:139402,chr19:1052005,exonic,ABCA7,C,T,NM_019112:c.C3027T:p.A1009A,synonymous SNV,rs3764652,341.01,26,0.38,N/A,N/A,N/A,N/A,N/A,N/A,N/A,N/A,0,0,0,0,0,0,0,0,0,1,0,0,0,0,0,1
CIBIV-ID:139410,chr19:1053524,exonic,ABCA7,C,G,NM_019112:c.C3417G:p.L1139L,synonymous SNV,rs3752241,387.97,42,0.16,N/A,N/A,N/A,N/A,N/A,N/A,N/A,N/A,0,0,0,0,0,0,0,0,0,0,0,1,0,0,0,1
CIBIV-ID:139413,chr19:1056136,exonic,ABCA7,A,AG,NM_019112:c.4310_4311insG:p.E1437fs,frameshift insertion,N/A,14-Jun,42,N/A,N/A,N/A,N/A,N/A,N/A,N/A,N/A,N/A,0,0,0,0,0,0,0,1,0,0,0,0,0,0,0,1
CIBIV-ID:139418,chr19:1065044,exonic,ABCA7,C,T,NM_019112:c.C6159T:p.G2053G,synonymous SNV,rs4147935,844.53,70,0.23,N/A,N/A,N/A,N/A,N/A,N/A,N/A,N/A,0,1,0,0,0,0,0,0,0,0,0,0,0,0,0,1
CIBIV-ID:133936,chr17:66872802,exonic,ABCA8,G,C,NM_007168:c.C4122G:p.P1374P,synonymous SNV,rs1481,210.02,16,0.79,N/A,N/A,N/A,N/A,N/A,N/A,N/A,N/A,1,0,0,0,0,0,0,0,0,0,0,0,0,0,0,1
CIBIV-ID:133944,chr17:66891035,exonic,ABCA8,A,AC,NM_007168:c.2764_2765insG:p.C922fs,frameshift insertion,N/A,9-Apr,10,N/A,N/A,N/A,N/A,N/A,N/A,N/A,N/A,N/A,0,0,0,0,0,0,0,0,1,0,0,0,0,0,0,1
CIBIV-ID:133945,chr17:66898931,exonic,ABCA8,G,A,NM_007168:c.C2567T:p.S856F,nonsynonymous SNV,N/A,150.8,50,N/A,0.928,D,0.28181,N,0.999542,C,0.96,Apr-57,0,0,0,0,0,1,0,0,0,0,0,0,0,0,0,1
CIBIV-ID:121954,chr16:16138313,exonic,ABCC1,G,A,NM_004996:c.G816A:p.P272P,synonymous SNV,rs2230669,88.4,14,0.03,N/A,N/A,N/A,N/A,N/A,N/A,N/A,N/A,0,0,0,0,1,0,0,0,0,0,0,0,0,0,0,1
CIBIV-ID:121955,chr16:16138322,exonic,ABCC1,T,C,NM_004996:c.T825C:p.V275V,synonymous SNV,rs246221,66.16,19,0.44,N/A,N/A,N/A,N/A,N/A,N/A,N/A,N/A,0,0,0,0,0,0,0,1,0,0,0,0,0,0,0,1
CIBIV-ID:121962,chr16:16205347,exonic,ABCC1,T,G,NM_004996:c.T2987G:p.L996R,nonsynonymous SNV,N/A,602.88,228,N/A,0.735339,NA,0.999836,D,0.998953,C,0.903764,31-May,0,0,0,0,0,0,0,0,0,0,0,0,1,0,0,1
CIBIV-ID:154310,chr21:15660887,ncRNA_intronic,ABCC13,GT,G,N/A,N/A,N/A,277.9,95,N/A,N/A,N/A,N/A,N/A,N/A,N/A,N/A,N/A,0,0,0,0,0,0,0,0,0,0,1,0,0,0,0,1
CIBIV-ID:154311,chr21:15663576,ncRNA_intronic,ABCC13,A,AT,N/A,N/A,N/A,3-Aug,5,N/A,N/A,N/A,N/A,N/A,N/A,N/A,N/A,N/A,0,0,0,0,0,0,0,0,0,1,0,0,0,0,0,1
CIBIV-ID:154313,chr21:15663725,ncRNA_intronic,ABCC13,G,C,N/A,N/A,rs78253590,129.26,20,0.02,N/A,N/A,N/A,N/A,N/A,N/A,N/A,N/A,0,0,0,0,0,0,0,0,0,0,0,1,0,0,0,1
CIBIV-ID:154314,chr21:15663801,ncRNA_intronic,ABCC13,T,TGTGA,N/A,N/A,N/A,164,20,N/A,N/A,N/A,N/A,N/A,N/A,N/A,N/A,N/A,0,0,0,0,0,0,0,0,0,0,0,0,0,0,1,1
CIBIV-ID:154309,chr21:15646397,ncRNA_exonic,ABCC13,A,G,N/A,N/A,rs8129984,380.41,32,0.87,N/A,N/A,N/A,N/A,N/A,N/A,N/A,N/A,0,1,0,0,0,0,0,0,0,0,0,0,0,0,0,1
CIBIV-ID:154312,chr21:15663703,ncRNA_exonic,ABCC13,CTA,C,N/A,N/A,N/A,Sep-93,8,N/A,N/A,N/A,N/A,N/A,N/A,N/A,N/A,N/A,0,0,0,0,0,0,0,0,0,0,1,0,0,0,0,1
CIBIV-ID:121973,chr16:16263604,exonic,ABCC6,C,A,NM_001171:c.G2894T:p.G965V,nonsynonymous SNV,N/A,Aug-64,9,N/A,0.996,D,0.949848,D,0.84225,N,1,Apr-56,0,0,0,0,0,0,0,0,0,0,0,1,0,0,0,1
CIBIV-ID:121974,chr16:16263634,exonic,ABCC6,A,AG,NM_001171:c.2864_2865insC:p.L955fs,frameshift insertion,N/A,5-Aug,6,N/A,N/A,N/A,N/A,N/A,N/A,N/A,N/A,N/A,0,0,0,0,0,0,0,0,0,1,0,0,0,0,0,1
CIBIV-ID:121975,chr16:16263690,exonic,ABCC6,C,A,NM_001171:c.G2808T:p.L936L,synonymous SNV,N/A,Apr-77,13,N/A,N/A,N/A,N/A,N/A,N/A,N/A,N/A,N/A,0,0,1,0,0,0,0,0,0,0,0,0,0,0,0,1
CIBIV-ID:121987,chr16:16281007,exonic,ABCC6,A,G,NM_001171:c.T1841C:p.V614A,nonsynonymous SNV,rs12931472,183.37,14,0.37,0,B,1.90E-05,P,0.005533,N,0.5,3-Apr,0,0,0,0,1,0,0,0,0,0,1,0,0,0,0,2
CIBIV-ID:119324,chr15:89398825,exonic,ACAN,C,T,NM_001135:c.C3009T:p.T1003T,synonymous SNV,rs4080952,40.1,29,N/A,N/A,N/A,N/A,N/A,N/A,N/A,N/A,N/A,1,0,0,0,1,0,0,0,1,0,0,0,1,1,0,5
CIBIV-ID:119325,chr15:89399929,exonic,ACAN,C,G,NM_001135:c.C4113G:p.D1371E,nonsynonymous SNV,N/A,3-Jul,9,N/A,N/A,N/A,N/A,N/A,N/A,N/A,N/A,N/A,0,0,0,0,0,0,0,1,0,0,0,0,0,0,0,1
CIBIV-ID:119326,chr15:89400023,exonic,ACAN,A,G,NM_001135:c.A4207G:p.T1403A,nonsynonymous SNV,rs12899191,13-Feb,13,N/A,N/A,N/A,N/A,N/A,N/A,N/A,N/A,N/A,0,0,0,0,0,0,0,0,1,0,0,0,0,0,0,1
CIBIV-ID:119329,chr15:89417097,exonic,ACAN,T,TG,NM_013227:c.7358_7359insG:p.V2453fs,frameshift insertion,N/A,Sep-93,15,N/A,N/A,N/A,N/A,N/A,N/A,N/A,N/A,N/A,0,0,0,0,0,0,0,0,1,0,0,0,0,0,0,1
CIBIV-ID:112333,chr14:74058832,exonic,ACOT4,C,T,NM_152331:c.C169T:p.R57C,nonsynonymous SNV,rs3742819,227.31,38,0.4,0.346,P,0.002766,N,0.001288,N,0.92,-9.38,0,0,0,0,0,0,0,0,0,0,1,0,0,0,0,1
CIBIV-ID:112334,chr14:74060508,exonic,ACOT4,C,A,NM_152331:c.C560A:p.A187D,nonsynonymous SNV,rs35724886,52.59,40,0.08,0.993,D,0.996739,D,0.997802,C,1,Apr-63,0,0,1,0,0,0,0,0,0,0,0,0,0,0,0,1
CIBIV-ID:112335,chr14:74060511,exonic,ACOT4,T,TTCAA,NM_152331:c.563_564insTCAA:p.L188fs,frameshift insertion,N/A,458.97,39,N/A,N/A,N/A,N/A,N/A,N/A,N/A,N/A,N/A,1,0,0,0,0,0,1,0,0,0,0,0,0,0,0,2
CIBIV-ID:112336,chr14:74060513,exonic,ACOT4,GCTTA,G,NM_152331:c.566_569del:p.189_190del,frameshift deletion,N/A,311.22,41,N/A,N/A,N/A,N/A,N/A,N/A,N/A,N/A,N/A,1,0,0,0,0,0,1,0,0,0,0,0,0,0,0,2
CIBIV-ID:2816,chr1:18149510,exonic,ACTL8,G,T,NM_030812:c.G7T:p.A3S,nonsynonymous SNV,rs694214,5916.89,437,0.35,0.032,B,0.008725,P,0.062513,N,0.74,-3.57,0,0,0,0,1,0,0,0,0,0,0,0,0,0,0,1
CIBIV-ID:2817,chr1:18149566,exonic,ACTL8,C,A,NM_030812:c.C63A:p.G21G,synonymous SNV,rs2296035,6867.59,514,0.52,N/A,N/A,N/A,N/A,N/A,N/A,N/A,N/A,0,0,0,0,1,0,0,0,0,0,0,0,0,0,0,1
CIBIV-ID:2818,chr1:18152582,exonic,ACTL8,C,T,NM_030812:c.C669T:p.D223D,synonymous SNV,rs478698,2084.33,148,0.14,N/A,N/A,N/A,N/A,N/A,N/A,N/A,N/A,0,0,0,0,1,0,0,0,0,0,0,0,0,0,0,1
